date_iso,timestamp_utc,commit_sha,code_lines,file_count,blank_lines,comment_lines
2026-05-31,2026-05-31T20:56:14Z,3168896d41522c689898763911c8149d7ed5f946,34830,235,3135,606
2026-06-01,2026-06-01T13:30:17Z,1df8a5c38e54d77f18dec0904532d7f221f365ca,36320,245,3269,606
2026-06-09,2026-06-09T23:02:20Z,8f5e90f9624f08d7b7fa2c6a50478c75e7b120e1,36475,247,3271,612
2026-06-10,2026-06-10T20:40:17Z,31112cfb456c3ac869ed5e48f86c01229836811b,36823,251,3311,642
2026-06-12,2026-06-12T16:30:25Z,09c97a3ebaad78141ae06f59513d636e6c989920,36872,251,3311,642
2026-06-14,2026-06-14T04:09:16Z,ff2db48412d538e34e9920140e0ee8721641ef3f,37213,252,3349,646
2026-06-14,2026-06-14T23:03:38Z,7d3dfdc836ea5f50bef15b8f5213ac54dd2fc90f,37234,253,3349,646
2026-06-14,2026-06-14T23:06:22Z,4267057ec40a31349df96a18b71604c60dff047f,37234,253,3349,646
2026-06-14,2026-06-14T23:10:43Z,38f2af43a57118938c4d65070305540d0a1bb583,37234,253,3349,646
2026-06-15,2026-06-15T14:32:23Z,c6b1483dcd43dc9cb772f2e993b66298fbf65f08,37482,254,3387,651
2026-06-15,2026-06-15T18:36:35Z,dba45597d533fa7b11810344dc4c198819199d34,37482,254,3387,651
2026-06-15,2026-06-15T20:06:48Z,62d585f250b7f2f817831a367a182d16d9a7e533,38657,261,3467,652
2026-06-15,2026-06-15T23:50:25Z,11f67f2e43f158229078f2c7b6170d7a0b781968,39495,269,3572,652
2026-06-15,2026-06-15T23:51:36Z,38911c4355f9a467cad027b048126be48e04af12,39496,269,3572,652
2026-06-17,2026-06-17T14:58:18Z,b89dacdbf87f23bb73f0f5e81cc820fad490fb59,40003,273,3633,698
2026-06-18,2026-06-18T16:18:37Z,a42b1b5cdf4d066b3f5a339d55f85eea60d44d34,41160,277,3719,698
2026-06-18,2026-06-18T17:40:14Z,bee698ded137372dedf5176e2d92e60ca9773fa3,41191,277,3727,708
2026-06-18,2026-06-18T19:14:39Z,2fb5f2c59c116c614ed612579600760831cdaea2,41191,277,3727,708
2026-06-20,2026-06-20T17:51:03Z,9f91b71bef28855df4a89f19fc627008a8e53b80,41191,277,3727,708
2026-06-20,2026-06-20T22:51:49Z,abb4c8dbc1d5b1bf6a461e21642e5680de58d0a7,41957,280,3781,709
2026-06-22,2026-06-22T16:58:20Z,e45a78a0a2ad0f5dfd3ed12237b76a23e49b34f8,42278,282,3847,718
2026-06-23,2026-06-23T02:53:33Z,89f05b5ed7942de4cb53b4d3e67d75457a2a70c3,42281,282,3849,718
2026-06-24,2026-06-24T16:47:14Z,341b4bd81dda9c1c9a167282960abe142e417e4a,43036,291,3921,739
